{"stats":{"minecraft:used":{"minecraft:grass_block":1,"carryon:entity_item":1,"minecraft:white_bed":1,"securitycraft:ancient_debris_mine":1},"minecraft:custom":{"minecraft:time_since_rest":4068,"minecraft:crouch_one_cm":96,"minecraft:play_one_minute":27753,"minecraft:sprint_one_cm":6623,"minecraft:deaths":5,"minecraft:damage_taken":1445,"minecraft:walk_one_cm":6581,"minecraft:sneak_time":83,"minecraft:drop":3,"minecraft:jump":102,"minecraft:leave_game":8,"minecraft:walk_on_water_one_cm":3166,"minecraft:time_since_death":4032,"minecraft:sleep_in_bed":1,"minecraft:fall_one_cm":3135,"minecraft:fly_one_cm":64947},"minecraft:killed_by":{"minecraft:zombie":4},"minecraft:picked_up":{"minecraft:rotten_flesh":3},"minecraft:dropped":{"minecraft:rotten_flesh":3},"minecraft:mined":{"gravestone:gravestone":1,"minecraft:grass":4}},"DataVersion":2586}