{"stats":{"minecraft:dropped":{"minecraft:rotten_flesh":3},"minecraft:mined":{"gravestone:gravestone":1,"minecraft:grass":4},"minecraft:killed_by":{"minecraft:zombie":4},"minecraft:picked_up":{"camera:image_frame":3,"minecraft:rotten_flesh":5,"camera:image":19},"minecraft:used":{"decocraft:inflatable_pool":1,"decocraft:beach_chair_black":1,"decocraft:decomposer":1,"minecraft:oak_fence":17,"camera:image_frame":19,"decocraft:vending_machine":1,"decocraft:chair_borje_lw_white":1,"decocraft:slide":1,"decocraft:wooden_office_chair_lw":1,"minecraft:grass_block":3,"minecraft:oak_planks":1,"carryon:entity_item":3,"decocraft:pc_tower_black":1,"decocraft:mexico":15,"decocraft:spinning_wheel":1,"securitycraft:ancient_debris_mine":1,"decocraft:decobench":1,"minecraft:cobblestone":20,"minecraft:oak_slab":1,"decocraft:claw_machine":1,"minecraft:white_bed":1,"decocraft:hammock_rainbow":2,"minecraft:stripped_oak_log":26,"decocraft:popcorn_machine":2},"minecraft:custom":{"minecraft:time_since_rest":61649,"minecraft:sprint_one_cm":21870,"minecraft:damage_taken":1445,"minecraft:walk_one_cm":53195,"minecraft:mob_kills":1,"minecraft:drop":3,"minecraft:damage_dealt":72,"minecraft:fly_one_cm":103644,"minecraft:play_one_minute":85334,"minecraft:crouch_one_cm":1912,"minecraft:deaths":5,"minecraft:sneak_time":1127,"minecraft:jump":181,"minecraft:leave_game":10,"minecraft:time_since_death":61613,"minecraft:walk_on_water_one_cm":3166,"minecraft:sleep_in_bed":1,"minecraft:fall_one_cm":3135}},"DataVersion":2586}