{"stats":{"minecraft:dropped":{"minecraft:rotten_flesh":3},"minecraft:mined":{"gravestone:gravestone":1,"minecraft:grass":4},"minecraft:killed_by":{"minecraft:zombie":4},"minecraft:picked_up":{"camera:image_frame":3,"minecraft:rotten_flesh":5,"minecraft:wheat_seeds":1,"camera:image":19},"minecraft:used":{"decocraft:inflatable_pool":2,"decocraft:beach_chair_black":1,"decocraft:locker_blue":2,"decocraft:decomposer":2,"minecraft:oak_fence":17,"camera:image_frame":19,"decocraft:vending_machine":1,"decocraft:chair_borje_lw_white":1,"decocraft:train_set_1":1,"decocraft:slide":1,"decocraft:halfmoonbars":2,"decocraft:notebook_purple":1,"decocraft:piano_white":1,"decocraft:wooden_office_chair_lw":1,"minecraft:grass_block":8,"decocraft:swingleg":2,"minecraft:oak_planks":1,"carryon:entity_item":3,"decocraft:anatomical_model":1,"decocraft:pc_tower_black":1,"decocraft:mexico":15,"decocraft:train":1,"decocraft:spinning_wheel":1,"securitycraft:ancient_debris_mine":1,"decocraft:dumpster":1,"decocraft:swing":1,"decocraft:monkeybars":1,"decocraft:coin_pile_gold":1,"decocraft:coat_stand_black":1,"decocraft:tire_swing":3,"decocraft:spring_horse_purple":1,"decocraft:decobench":2,"minecraft:cobblestone":28,"decocraft:dog_house":1,"minecraft:oak_slab":1,"decocraft:piano_black":1,"decocraft:diving_board":1,"decocraft:claw_machine":1,"decocraft:present_2_blue":1,"decocraft:string":1,"decocraft:crayon_box":1,"minecraft:white_bed":1,"decocraft:pot_monstera":1,"decocraft:hammock_rainbow":2,"minecraft:stripped_oak_log":26,"decocraft:pet_carrier":1,"waystones:waystone":1,"decocraft:christmas_tree_2_rainbow_w_flipbook.00":1,"decocraft:agender":1,"decocraft:neon_lamp_wall_dog_and_cat":1,"decocraft:sandbox":1,"decocraft:popcorn_machine":2,"decocraft:single_bed_spruce_green":1,"decocraft:whiteboard":5,"decocraft:chalkboard":2},"minecraft:custom":{"minecraft:time_since_rest":651,"minecraft:sprint_one_cm":27180,"minecraft:damage_taken":1445,"minecraft:walk_one_cm":72644,"minecraft:mob_kills":1,"minecraft:drop":3,"minecraft:damage_dealt":72,"minecraft:fly_one_cm":114472,"minecraft:play_one_minute":109334,"minecraft:crouch_one_cm":3266,"minecraft:deaths":8,"minecraft:sneak_time":1630,"minecraft:jump":230,"minecraft:leave_game":10,"minecraft:time_since_death":588,"minecraft:walk_on_water_one_cm":3166,"minecraft:sleep_in_bed":1,"minecraft:waystone_activated":1,"minecraft:fall_one_cm":3135}},"DataVersion":2586}