{"stats":{"minecraft:used":{"minecraft:white_bed":1,"securitycraft:ancient_debris_mine":1,"carryon:entity_item":1,"minecraft:grass_block":1},"minecraft:killed_by":{"minecraft:zombie":4},"minecraft:custom":{"minecraft:jump":70,"minecraft:time_since_rest":1653,"minecraft:damage_taken":1445,"minecraft:play_one_minute":25338,"minecraft:crouch_one_cm":96,"minecraft:leave_game":7,"minecraft:time_since_death":1617,"minecraft:sprint_one_cm":4856,"minecraft:walk_one_cm":5921,"minecraft:walk_on_water_one_cm":1766,"minecraft:deaths":5,"minecraft:sleep_in_bed":1,"minecraft:sneak_time":74,"minecraft:fall_one_cm":2717,"minecraft:drop":2,"minecraft:fly_one_cm":58311},"minecraft:mined":{"gravestone:gravestone":1},"minecraft:picked_up":{"minecraft:rotten_flesh":2},"minecraft:dropped":{"minecraft:rotten_flesh":2}},"DataVersion":2586}